order_id,customer_id,product_id,quantity,order_date,payment_method
1,64,9,1,2024-02-16,Cash
2,23,3,4,2024-10-27,UPI
3,101,1,3,2024-06-04,Card
4,22,10,5,2024-03-20,NetBanking
5,196,6,4,2024-03-17,Cash
6,186,10,2,2024-01-23,NetBanking
7,188,9,2,2024-09-25,UPI
8,176,10,2,2024-02-13,UPI
9,11,3,3,2024-02-23,NetBanking
10,116,9,1,2024-11-17,UPI
11,161,9,2,2024-09-07,Cash
12,1,8,1,2024-09-14,UPI
13,169,9,1,2024-08-30,Cash
14,20,5,2,2024-04-15,Card
15,190,8,4,2024-07-14,UPI
16,123,5,1,2024-11-11,Card
17,20,10,2,2024-06-18,Cash
18,167,5,5,2024-10-17,Card
19,4,8,1,2024-09-05,Cash
20,173,2,2,2024-12-11,NetBanking
21,75,9,3,2024-08-25,NetBanking
22,120,2,5,2024-04-12,Cash
23,22,8,1,2024-05-28,NetBanking
24,20,9,4,2024-05-17,NetBanking
25,54,4,1,2024-10-24,UPI
26,37,9,3,2024-07-03,Card
27,155,9,3,2024-02-27,Cash
28,60,8,4,2024-07-20,UPI
29,41,1,4,2024-12-14,NetBanking
30,104,5,2,2024-08-01,Cash
31,97,6,1,2024-06-18,UPI
32,84,6,4,2024-03-02,Card
33,183,1,3,2024-05-09,Cash
34,17,7,4,2024-10-28,UPI
35,93,7,3,2024-01-25,Cash
36,27,1,3,2024-11-21,Card
37,64,5,4,2024-09-18,Cash
38,49,6,4,2024-01-15,NetBanking
39,142,9,2,2024-02-11,UPI
40,188,7,4,2024-11-10,Card
41,165,5,4,2024-01-26,Card
42,44,8,4,2024-06-24,Cash
43,77,5,3,2024-07-26,Card
44,78,8,5,2024-12-08,NetBanking
45,31,3,2,2024-02-08,Card
46,129,8,5,2024-04-22,NetBanking
47,86,8,4,2024-03-12,Card
48,63,2,2,2024-06-24,UPI
49,82,4,3,2024-05-12,Card
50,6,7,4,2024-07-30,Card
51,97,5,3,2024-02-01,NetBanking
52,72,10,3,2024-03-05,Card
53,24,5,2,2024-07-15,NetBanking
54,166,8,4,2024-06-08,UPI
55,33,1,4,2024-12-29,NetBanking
56,151,8,1,2024-02-07,NetBanking
57,136,8,4,2024-05-07,UPI
58,58,3,2,2024-09-24,UPI
59,185,8,1,2024-10-09,UPI
60,1,3,2,2024-10-18,UPI
61,166,5,2,2024-11-16,Cash
62,136,7,1,2024-02-20,UPI
63,77,9,5,2024-04-08,NetBanking
64,67,4,5,2024-01-01,UPI
65,138,5,4,2024-05-22,Cash
66,166,4,4,2024-09-26,Card
67,141,4,1,2024-07-29,Cash
68,15,1,2,2024-09-12,NetBanking
69,21,5,2,2024-12-07,NetBanking
70,95,4,4,2024-01-18,Cash
71,184,7,3,2024-12-15,NetBanking
72,51,1,3,2024-09-15,UPI
73,53,8,2,2024-06-08,Card
74,60,8,2,2024-05-15,Cash
75,28,10,4,2024-11-08,Card
76,58,8,4,2024-12-06,UPI
77,153,3,4,2024-01-28,Card
78,7,10,2,2024-07-31,UPI
79,182,1,2,2024-07-20,NetBanking
80,183,6,1,2024-02-10,Card
81,85,4,2,2024-11-30,NetBanking
82,9,5,4,2024-07-10,Cash
83,114,3,1,2024-01-02,UPI
84,72,2,3,2024-08-03,UPI
85,144,4,4,2024-07-01,Cash
86,111,2,1,2024-12-27,NetBanking
87,51,6,5,2024-08-16,Card
88,83,6,4,2024-01-16,NetBanking
89,64,7,1,2024-07-11,UPI
90,119,2,1,2024-05-11,Card
91,192,2,5,2024-06-22,Cash
92,70,6,5,2024-01-23,Cash
93,192,6,3,2024-06-01,UPI
94,185,10,1,2024-01-13,Card
95,28,8,4,2024-07-16,Cash
96,111,8,2,2024-09-11,Card
97,3,5,2,2024-11-06,Card
98,84,6,4,2024-07-04,UPI
99,132,4,4,2024-03-22,Card
100,105,2,1,2024-09-03,Cash
101,42,7,1,2024-02-06,Cash
102,160,2,2,2024-02-19,NetBanking
103,128,8,2,2024-04-29,Card
104,107,8,5,2024-12-11,Card
105,192,9,1,2024-05-30,Cash
106,72,10,3,2024-07-09,Cash
107,189,5,2,2024-08-12,Card
108,48,4,2,2024-03-19,Cash
109,149,4,3,2024-02-03,NetBanking
110,65,4,5,2024-09-26,Card
111,167,2,4,2024-01-19,UPI
112,2,8,2,2024-08-17,Cash
113,11,5,2,2024-03-02,UPI
114,49,10,5,2024-04-09,UPI
115,96,9,2,2024-08-17,Cash
116,199,1,1,2024-11-22,Cash
117,56,1,3,2024-06-23,Card
118,12,4,3,2024-01-20,Card
119,3,6,4,2024-12-13,Cash
120,48,10,3,2024-02-09,Card
121,9,8,5,2024-09-04,UPI
122,105,2,4,2024-12-05,Card
123,164,9,1,2024-11-30,Card
124,102,5,4,2024-05-25,Cash
125,107,1,3,2024-10-17,Cash
126,107,7,1,2024-07-05,Card
127,101,7,2,2024-01-04,NetBanking
128,41,7,1,2024-02-16,NetBanking
129,148,6,4,2024-03-24,Card
130,4,1,5,2024-03-13,NetBanking
131,23,10,5,2024-07-08,Card
132,38,6,3,2024-03-23,Card
133,18,2,4,2024-09-08,Card
134,78,3,1,2024-09-04,Cash
135,14,10,4,2024-02-14,Card
136,164,4,5,2024-07-26,Card
137,122,3,5,2024-04-21,UPI
138,103,9,2,2024-07-15,Cash
139,32,3,2,2024-04-08,UPI
140,144,1,3,2024-03-01,NetBanking
141,154,8,5,2024-11-17,Cash
142,167,7,3,2024-10-25,Card
143,109,7,3,2024-08-16,NetBanking
144,46,1,1,2024-11-12,NetBanking
145,120,4,4,2024-11-12,NetBanking
146,46,8,4,2024-02-24,UPI
147,33,6,4,2024-07-06,UPI
148,114,9,5,2024-12-02,UPI
149,11,3,1,2024-06-09,UPI
150,14,9,4,2024-11-30,Card
151,7,2,5,2024-12-20,UPI
152,50,3,4,2024-05-27,Card
153,176,4,1,2024-06-28,Cash
154,41,6,5,2024-05-20,NetBanking
155,37,5,5,2024-09-02,Card
156,152,5,5,2024-09-16,Card
157,82,6,1,2024-04-11,Card
158,104,3,3,2024-12-13,Cash
159,97,3,3,2024-02-28,UPI
160,163,6,4,2024-10-11,UPI
161,65,9,4,2024-07-09,Cash
162,97,6,5,2024-03-15,Cash
163,85,2,4,2024-04-27,Card
164,158,1,3,2024-09-21,Cash
165,80,10,3,2024-01-01,UPI
166,57,3,3,2024-11-11,NetBanking
167,107,9,3,2024-01-25,Card
168,126,4,5,2024-11-30,UPI
169,6,1,1,2024-10-17,Cash
170,78,2,5,2024-07-01,Card
171,106,10,3,2024-10-28,Card
172,53,6,5,2024-08-31,Card
173,35,1,2,2024-12-28,Card
174,116,2,1,2024-11-22,Card
175,171,5,4,2024-05-15,UPI
176,15,9,3,2024-10-31,NetBanking
177,155,9,4,2024-05-07,Card
178,1,1,1,2024-09-29,UPI
179,104,3,2,2024-03-22,UPI
180,200,2,1,2024-11-09,Card
181,37,7,2,2024-09-22,NetBanking
182,157,3,5,2024-06-07,UPI
183,77,1,4,2024-10-02,UPI
184,97,7,4,2024-02-11,NetBanking
185,45,4,1,2024-05-13,Card
186,165,1,1,2024-06-20,Cash
187,183,1,3,2024-11-21,NetBanking
188,176,9,3,2024-05-31,Card
189,22,9,1,2024-03-27,Cash
190,61,4,2,2024-06-16,Card
191,100,6,5,2024-05-02,NetBanking
192,162,9,4,2024-08-29,UPI
193,7,7,2,2024-10-19,Cash
194,55,7,5,2024-10-26,UPI
195,145,3,2,2024-01-17,UPI
196,29,2,5,2024-03-23,Cash
197,37,1,1,2024-01-22,Card
198,178,1,1,2024-01-24,UPI
199,152,6,2,2024-09-30,UPI
200,194,7,1,2024-05-06,Card
201,53,2,1,2024-01-18,UPI
202,193,5,4,2024-02-21,Card
203,26,4,3,2024-06-12,Cash
204,109,5,1,2024-06-28,Cash
205,73,1,3,2024-06-13,NetBanking
206,74,10,1,2024-07-30,UPI
207,112,9,1,2024-06-26,NetBanking
208,181,1,5,2024-10-16,Card
209,183,2,5,2024-05-27,Card
210,112,1,5,2024-04-13,Cash
211,196,1,1,2024-06-27,NetBanking
212,25,8,2,2024-09-10,Cash
213,132,5,5,2024-03-22,Cash
214,55,4,4,2024-03-25,UPI
215,163,2,4,2024-12-22,UPI
216,161,6,3,2024-02-18,NetBanking
217,102,2,4,2024-11-26,UPI
218,96,4,3,2024-05-14,NetBanking
219,140,9,2,2024-07-13,Card
220,118,3,5,2024-10-31,UPI
221,90,10,3,2024-09-24,Card
222,116,9,3,2024-03-27,NetBanking
223,113,5,5,2024-04-28,Card
224,86,8,2,2024-09-16,Card
225,69,5,5,2024-03-20,Card
226,64,6,5,2024-09-24,Cash
227,42,4,3,2024-04-06,Cash
228,187,2,2,2024-12-02,UPI
229,51,7,2,2024-03-16,Cash
230,188,5,4,2024-05-20,Card
231,28,2,3,2024-04-15,NetBanking
232,119,1,1,2024-07-23,NetBanking
233,178,4,5,2024-11-19,Cash
234,119,1,2,2024-05-11,NetBanking
235,2,4,4,2024-12-24,NetBanking
236,59,10,2,2024-12-13,Card
237,165,2,4,2024-08-09,Cash
238,67,2,4,2024-05-04,NetBanking
239,183,3,3,2024-08-04,NetBanking
240,117,1,5,2024-07-28,Card
241,168,6,1,2024-07-18,NetBanking
242,28,1,3,2024-10-05,Card
243,42,4,5,2024-06-27,UPI
244,148,8,5,2024-04-14,NetBanking
245,132,1,3,2024-09-24,Cash
246,106,8,2,2024-12-16,Card
247,101,9,1,2024-11-10,Cash
248,164,1,3,2024-05-20,NetBanking
249,103,1,1,2024-02-08,NetBanking
250,108,6,5,2024-05-15,UPI
251,58,5,4,2024-09-26,Card
252,101,8,2,2024-03-25,Card
253,199,2,2,2024-08-28,Card
254,38,6,4,2024-08-27,Cash
255,195,9,2,2024-08-28,Cash
256,59,5,4,2024-12-17,Cash
257,110,3,4,2024-01-02,Cash
258,92,4,3,2024-06-13,NetBanking
259,125,7,5,2024-11-22,UPI
260,169,6,2,2024-06-04,NetBanking
261,15,2,5,2024-06-15,Card
262,136,6,5,2024-01-08,UPI
263,54,2,3,2024-05-08,UPI
264,149,3,2,2024-04-05,NetBanking
265,89,3,2,2024-07-25,Card
266,157,10,1,2024-12-08,Cash
267,51,8,2,2024-09-28,UPI
268,190,8,1,2024-10-11,UPI
269,68,7,2,2024-03-12,NetBanking
270,127,9,1,2024-09-04,NetBanking
271,37,8,2,2024-09-12,Card
272,139,10,1,2024-03-23,Cash
273,120,10,4,2024-12-06,Cash
274,120,6,4,2024-08-02,UPI
275,47,6,1,2024-01-11,UPI
276,175,6,1,2024-09-18,NetBanking
277,125,3,1,2024-04-19,NetBanking
278,161,3,3,2024-02-18,Cash
279,88,8,5,2024-10-10,Card
280,73,7,3,2024-08-04,Cash
281,142,1,3,2024-05-29,Cash
282,127,7,3,2024-09-14,Cash
283,130,6,2,2024-12-01,NetBanking
284,31,6,2,2024-06-11,Cash
285,33,10,1,2024-01-21,NetBanking
286,186,9,4,2024-10-06,UPI
287,103,5,1,2024-01-04,UPI
288,49,8,5,2024-12-02,UPI
289,129,9,5,2024-07-11,Card
290,161,10,1,2024-04-18,UPI
291,171,8,2,2024-02-21,Card
292,10,7,1,2024-12-01,UPI
293,95,3,3,2024-10-14,Cash
294,78,3,4,2024-01-18,Cash
295,6,7,5,2024-11-24,UPI
296,128,10,5,2024-01-21,UPI
297,199,7,5,2024-12-22,NetBanking
298,115,2,1,2024-12-14,NetBanking
299,153,10,2,2024-08-31,NetBanking
300,141,2,1,2024-11-25,NetBanking
301,55,3,1,2024-08-06,UPI
302,3,2,1,2024-04-21,UPI
303,34,8,1,2024-05-21,Card
304,116,3,1,2024-07-06,Card
305,187,2,3,2024-11-17,NetBanking
306,118,5,1,2024-01-17,UPI
307,16,1,5,2024-02-10,NetBanking
308,80,5,5,2024-03-25,NetBanking
309,156,1,3,2024-07-07,NetBanking
310,121,3,2,2024-02-29,Cash
311,166,3,4,2024-09-01,NetBanking
312,200,8,3,2024-10-17,Cash
313,75,5,1,2024-11-14,Cash
314,156,1,2,2024-11-03,Cash
315,150,7,2,2024-07-11,NetBanking
316,176,7,5,2024-04-29,NetBanking
317,73,1,3,2024-05-14,Cash
318,109,3,5,2024-01-22,Cash
319,37,10,2,2024-05-20,NetBanking
320,89,9,1,2024-10-03,NetBanking
321,98,4,2,2024-06-07,UPI
322,174,7,4,2024-12-28,Card
323,66,10,1,2024-07-16,NetBanking
324,139,2,5,2024-06-30,UPI
325,60,7,5,2024-09-23,Cash
326,134,6,4,2024-09-16,Card
327,49,4,2,2024-02-17,Card
328,180,5,3,2024-10-22,Cash
329,104,9,2,2024-05-06,UPI
330,127,6,1,2024-07-09,NetBanking
331,21,3,3,2024-11-01,UPI
332,89,5,5,2024-11-06,UPI
333,25,1,2,2024-10-16,NetBanking
334,151,10,2,2024-05-13,Cash
335,110,2,4,2024-10-30,Card
336,66,1,3,2024-04-12,Card
337,97,2,1,2024-01-27,UPI
338,143,6,4,2024-09-06,UPI
339,154,7,1,2024-12-27,UPI
340,66,6,5,2024-04-29,UPI
341,172,9,4,2024-04-03,NetBanking
342,41,6,2,2024-04-23,Card
343,10,5,3,2024-01-31,UPI
344,13,5,5,2024-12-29,NetBanking
345,15,2,2,2024-06-11,UPI
346,51,5,5,2024-10-29,NetBanking
347,195,2,4,2024-06-14,Cash
348,66,7,1,2024-07-10,NetBanking
349,98,3,4,2024-05-02,Card
350,174,1,4,2024-04-09,UPI
351,41,4,1,2024-11-12,Cash
352,192,3,4,2024-02-19,NetBanking
353,6,2,4,2024-06-22,Cash
354,60,8,1,2024-11-17,Cash
355,37,6,2,2024-01-30,Card
356,183,8,5,2024-03-15,NetBanking
357,39,5,4,2024-07-29,Card
358,40,1,3,2024-10-19,Cash
359,86,3,3,2024-09-08,UPI
360,82,8,4,2024-02-28,Card
361,132,1,2,2024-10-13,NetBanking
362,74,2,3,2024-04-13,Cash
363,111,5,2,2024-05-01,UPI
364,100,5,4,2024-03-24,UPI
365,186,5,2,2024-11-23,UPI
366,114,9,3,2024-09-18,Card
367,114,1,5,2024-05-26,Card
368,93,7,1,2024-07-28,Card
369,71,10,2,2024-03-11,Card
370,134,4,2,2024-04-10,UPI
371,23,10,4,2024-05-20,Card
372,53,3,5,2024-12-08,Card
373,150,5,2,2024-01-06,UPI
374,178,9,4,2024-01-29,Cash
375,86,5,4,2024-02-16,UPI
376,105,8,2,2024-12-06,Cash
377,64,3,5,2024-07-06,UPI
378,42,6,5,2024-10-31,UPI
379,92,9,4,2024-09-21,UPI
380,31,6,2,2024-06-13,NetBanking
381,148,1,3,2024-02-25,NetBanking
382,115,9,1,2024-09-28,Card
383,6,4,1,2024-04-24,Card
384,43,2,3,2024-05-08,UPI
385,5,2,2,2024-05-13,UPI
386,154,10,4,2024-09-24,Card
387,180,8,1,2024-06-28,UPI
388,184,3,1,2024-05-19,UPI
389,120,8,5,2024-09-13,Cash
390,29,2,1,2024-07-26,Card
391,139,10,2,2024-04-26,Card
392,172,10,4,2024-07-22,Card
393,5,7,4,2024-11-01,UPI
394,102,1,3,2024-06-22,NetBanking
395,62,6,4,2024-10-15,Cash
396,103,9,1,2024-06-15,Card
397,175,6,2,2024-08-04,UPI
398,94,2,5,2024-04-05,UPI
399,84,7,2,2024-09-15,UPI
400,58,3,4,2024-07-22,NetBanking
401,163,1,1,2024-01-18,Cash
402,174,10,3,2024-11-17,UPI
403,160,2,3,2024-03-03,UPI
404,112,4,1,2024-05-27,UPI
405,79,6,2,2024-03-02,UPI
406,153,9,3,2024-02-13,NetBanking
407,152,9,2,2024-08-13,UPI
408,131,3,3,2024-07-27,Cash
409,71,4,1,2024-10-06,Cash
410,117,10,5,2024-04-23,NetBanking
411,52,9,3,2024-08-23,Cash
412,157,8,4,2024-06-07,UPI
413,63,6,2,2024-04-06,NetBanking
414,150,7,1,2024-06-29,Card
415,62,6,5,2024-06-15,NetBanking
416,70,5,2,2024-05-31,UPI
417,198,1,2,2024-10-09,UPI
418,156,6,4,2024-12-02,UPI
419,133,7,4,2024-06-30,UPI
420,134,4,2,2024-08-01,Cash
421,172,6,2,2024-12-11,Card
422,158,10,3,2024-09-22,UPI
423,190,8,3,2024-11-18,Card
424,106,2,1,2024-07-29,UPI
425,128,7,5,2024-03-17,NetBanking
426,72,10,5,2024-02-26,NetBanking
427,116,8,3,2024-06-29,Cash
428,91,7,5,2024-10-11,NetBanking
429,166,6,1,2024-09-12,NetBanking
430,114,5,2,2024-10-01,Cash
431,38,7,5,2024-07-12,Card
432,23,6,3,2024-11-07,Card
433,84,4,4,2024-01-06,UPI
434,13,5,5,2024-09-11,Cash
435,138,5,5,2024-11-13,NetBanking
436,133,9,4,2024-07-18,NetBanking
437,92,1,5,2024-12-12,Cash
438,116,1,1,2024-09-25,Card
439,26,7,3,2024-09-13,NetBanking
440,167,9,5,2024-03-19,Card
441,108,8,4,2024-08-13,Cash
442,178,9,1,2024-03-28,Cash
443,82,6,1,2024-06-08,Card
444,29,5,3,2024-09-17,NetBanking
445,162,3,5,2024-05-28,Card
446,130,4,4,2024-04-03,UPI
447,162,10,5,2024-02-24,Cash
448,146,1,4,2024-01-06,UPI
449,79,9,1,2024-06-04,NetBanking
450,26,10,1,2024-12-08,UPI
451,51,3,4,2024-10-10,Cash
452,166,9,5,2024-03-14,Card
453,106,10,1,2024-03-15,Card
454,133,9,1,2024-01-15,UPI
455,20,3,5,2024-09-08,NetBanking
456,157,7,1,2024-11-28,UPI
457,176,10,3,2024-03-14,Card
458,91,5,2,2024-01-17,Cash
459,161,2,5,2024-02-02,Cash
460,50,8,5,2024-07-16,UPI
461,14,4,4,2024-10-25,UPI
462,113,1,5,2024-05-02,Card
463,58,1,2,2024-10-27,Card
464,81,1,4,2024-06-04,NetBanking
465,155,5,4,2024-02-04,Card
466,174,7,5,2024-04-23,NetBanking
467,80,7,4,2024-01-12,Card
468,23,3,2,2024-07-02,NetBanking
469,48,1,3,2024-07-21,Cash
470,30,6,5,2024-07-16,Cash
471,104,2,1,2024-08-04,Cash
472,142,4,4,2024-04-07,NetBanking
473,73,6,2,2024-08-11,UPI
474,72,1,3,2024-03-20,Card
475,181,3,1,2024-04-10,Cash
476,140,3,5,2024-08-14,NetBanking
477,62,3,3,2024-06-29,Card
478,185,7,4,2024-11-18,Card
479,77,8,5,2024-04-14,Card
480,116,3,3,2024-11-01,NetBanking
481,151,6,5,2024-05-06,NetBanking
482,156,9,2,2024-03-05,UPI
483,174,9,1,2024-10-04,Cash
484,189,7,1,2024-12-02,Card
485,80,1,4,2024-12-29,UPI
486,178,3,2,2024-06-13,Card
487,170,2,1,2024-10-14,Cash
488,129,5,2,2024-02-03,Cash
489,23,4,3,2024-03-05,NetBanking
490,73,6,4,2024-08-25,Card
491,71,3,1,2024-07-06,Cash
492,106,1,4,2024-05-07,NetBanking
493,91,2,2,2024-05-29,UPI
494,70,10,2,2024-12-30,UPI
495,104,1,5,2024-03-23,NetBanking
496,51,5,2,2024-07-13,UPI
497,142,5,2,2024-10-16,Card
498,146,8,5,2024-05-10,NetBanking
499,172,10,3,2024-01-01,UPI
500,196,5,1,2024-10-26,UPI
501,63,2,1,2024-06-12,Card
502,199,6,1,2024-08-01,NetBanking
503,192,10,2,2024-05-23,UPI
504,90,7,4,2024-06-23,NetBanking
505,131,1,2,2024-08-07,Card
506,126,4,1,2024-12-25,Cash
507,45,9,2,2024-11-22,Card
508,140,5,2,2024-01-31,Card
509,92,6,4,2024-02-17,Card
510,163,5,2,2024-03-10,NetBanking
511,172,8,2,2024-12-27,Card
512,2,9,4,2024-03-09,Cash
513,179,5,2,2024-12-28,Card
514,151,10,2,2024-06-19,UPI
515,141,7,2,2024-12-12,Card
516,154,8,4,2024-04-15,UPI
517,177,5,1,2024-07-03,NetBanking
518,53,1,1,2024-05-23,Cash
519,51,2,3,2024-08-17,UPI
520,42,6,4,2024-08-27,Cash
521,75,3,5,2024-02-06,UPI
522,3,8,4,2024-02-12,Cash
523,190,10,3,2024-02-25,NetBanking
524,112,8,2,2024-10-05,Cash
525,3,6,1,2024-11-25,Cash
526,161,10,3,2024-11-30,Card
527,21,3,1,2024-01-13,NetBanking
528,38,5,3,2024-04-05,Card
529,27,5,5,2024-06-16,NetBanking
530,48,6,3,2024-04-27,Cash
531,35,9,3,2024-05-09,Card
532,15,1,1,2024-10-17,NetBanking
533,13,4,4,2024-08-04,NetBanking
534,188,3,3,2024-11-04,UPI
535,37,4,2,2024-03-11,NetBanking
536,164,7,1,2024-01-21,NetBanking
537,123,4,2,2024-07-09,UPI
538,9,10,5,2024-08-05,Card
539,73,2,1,2024-09-20,NetBanking
540,87,2,4,2024-01-05,Card
541,186,3,4,2024-05-31,UPI
542,114,10,3,2024-10-17,Card
543,121,2,5,2024-06-14,NetBanking
544,110,9,2,2024-07-24,UPI
545,16,6,5,2024-12-03,Cash
546,145,10,4,2024-07-07,NetBanking
547,169,3,3,2024-06-24,UPI
548,49,4,4,2024-12-19,UPI
549,38,10,3,2024-10-11,NetBanking
550,93,9,2,2024-10-16,NetBanking
551,102,5,1,2024-04-26,Card
552,52,9,1,2024-04-23,Cash
553,167,2,2,2024-09-28,Cash
554,182,8,2,2024-10-10,NetBanking
555,58,9,5,2024-12-22,UPI
556,189,9,5,2024-10-17,UPI
557,105,2,4,2024-03-09,UPI
558,161,9,1,2024-08-23,NetBanking
559,140,3,2,2024-10-15,NetBanking
560,199,2,2,2024-07-10,UPI
561,104,4,1,2024-07-09,UPI
562,4,10,2,2024-08-23,Cash
563,31,3,4,2024-02-14,Card
564,145,2,3,2024-03-27,Cash
565,191,6,1,2024-05-10,UPI
566,62,6,5,2024-09-25,Cash
567,185,8,1,2024-11-05,Cash
568,26,6,5,2024-06-16,UPI
569,9,4,3,2024-06-30,Card
570,178,8,1,2024-10-24,NetBanking
571,30,1,4,2024-02-26,UPI
572,67,3,2,2024-10-10,Cash
573,176,7,2,2024-10-28,Cash
574,138,5,4,2024-01-08,UPI
575,88,3,4,2024-09-13,NetBanking
576,9,1,1,2024-04-03,NetBanking
577,122,3,4,2024-07-20,Card
578,157,9,1,2024-07-03,Cash
579,136,4,3,2024-03-08,UPI
580,55,3,3,2024-08-27,Cash
581,148,8,4,2024-06-30,Cash
582,2,6,5,2024-09-04,Cash
583,59,1,2,2024-08-23,UPI
584,162,3,2,2024-05-19,NetBanking
585,70,2,5,2024-05-14,Cash
586,146,10,5,2024-10-26,Card
587,179,1,5,2024-02-18,Card
588,199,7,5,2024-11-20,UPI
589,93,5,2,2024-03-13,UPI
590,78,6,3,2024-09-17,Card
591,90,9,4,2024-06-20,UPI
592,181,6,3,2024-09-03,Cash
593,63,4,3,2024-03-18,Card
594,53,1,4,2024-07-26,NetBanking
595,102,10,3,2024-03-27,UPI
596,37,5,3,2024-05-09,Cash
597,19,4,5,2024-02-10,Card
598,78,10,3,2024-08-27,Cash
599,199,7,1,2024-09-05,Cash
600,45,5,3,2024-10-06,UPI
601,195,3,3,2024-05-01,UPI
602,56,1,4,2024-08-17,Card
603,155,5,5,2024-11-27,UPI
604,51,4,1,2024-03-07,UPI
605,21,2,5,2024-06-23,Card
606,2,4,3,2024-10-01,UPI
607,164,6,1,2024-04-18,Cash
608,84,1,4,2024-07-26,Cash
609,45,1,4,2024-01-24,UPI
610,161,10,3,2024-09-10,NetBanking
611,66,8,1,2024-01-14,Cash
612,145,6,1,2024-07-31,Cash
613,41,2,1,2024-03-20,Card
614,37,9,1,2024-07-02,Cash
615,109,6,5,2024-12-14,Card
616,169,10,5,2024-06-18,Card
617,190,10,3,2024-12-30,NetBanking
618,196,1,3,2024-11-29,NetBanking
619,144,5,3,2024-09-24,Cash
620,34,5,1,2024-10-12,NetBanking
621,26,6,2,2024-11-17,Card
622,103,2,1,2024-11-15,Card
623,32,1,5,2024-09-13,Card
624,143,3,3,2024-11-06,Cash
625,189,3,2,2024-03-23,UPI
626,90,4,4,2024-09-12,Card
627,163,6,4,2024-08-23,Card
628,83,1,1,2024-12-03,UPI
629,17,7,3,2024-01-31,Card
630,145,7,4,2024-07-11,Card
631,8,5,1,2024-05-14,NetBanking
632,62,4,3,2024-04-14,Cash
633,195,7,3,2024-06-01,NetBanking
634,56,10,2,2024-09-01,Cash
635,193,3,3,2024-05-24,UPI
636,85,1,4,2024-05-07,Card
637,82,10,5,2024-08-19,Card
638,149,1,2,2024-07-03,UPI
639,200,8,2,2024-08-10,Card
640,77,1,1,2024-03-18,UPI
641,35,5,2,2024-09-14,Cash
642,25,3,4,2024-12-15,NetBanking
643,24,7,3,2024-11-24,NetBanking
644,86,1,5,2024-04-30,Card
645,161,1,1,2024-03-10,Card
646,148,7,1,2024-01-11,UPI
647,82,2,1,2024-03-02,NetBanking
648,35,9,4,2024-01-02,Card
649,58,9,2,2024-11-20,UPI
650,136,6,4,2024-02-09,Cash
651,56,4,1,2024-05-19,Card
652,4,5,3,2024-02-05,UPI
653,51,9,1,2024-07-27,Cash
654,69,1,3,2024-12-18,UPI
655,168,8,5,2024-05-24,Cash
656,177,7,3,2024-07-23,NetBanking
657,82,9,4,2024-07-15,Card
658,100,7,4,2024-03-14,UPI
659,62,10,5,2024-05-10,NetBanking
660,62,4,1,2024-02-14,UPI
661,184,1,4,2024-12-21,Cash
662,176,8,5,2024-12-08,Cash
663,117,10,1,2024-08-30,NetBanking
664,131,6,5,2024-10-06,NetBanking
665,61,7,3,2024-12-30,UPI
666,101,9,3,2024-11-09,Cash
667,19,9,2,2024-11-09,Cash
668,68,8,3,2024-09-24,NetBanking
669,147,4,2,2024-02-03,Cash
670,135,4,5,2024-03-27,Cash
671,62,3,2,2024-12-04,NetBanking
672,46,1,3,2024-07-14,Cash
673,110,2,4,2024-03-19,Cash
674,97,2,3,2024-07-01,Cash
675,116,2,3,2024-07-21,Cash
676,115,2,4,2024-11-20,NetBanking
677,188,3,5,2024-03-17,UPI
678,175,3,3,2024-09-07,Card
679,160,6,5,2024-06-23,NetBanking
680,65,1,5,2024-04-12,UPI
681,147,5,1,2024-10-29,Card
682,79,9,3,2024-06-14,Cash
683,62,5,4,2024-02-16,NetBanking
684,23,4,2,2024-08-04,Cash
685,159,6,1,2024-08-14,NetBanking
686,94,1,3,2024-07-27,NetBanking
687,166,10,3,2024-06-29,Card
688,99,10,2,2024-11-12,Card
689,183,10,3,2024-02-02,Card
690,85,2,1,2024-08-16,NetBanking
691,101,9,4,2024-09-11,UPI
692,28,10,5,2024-08-24,NetBanking
693,180,7,4,2024-08-30,Card
694,17,8,4,2024-09-08,Card
695,132,1,2,2024-04-12,NetBanking
696,139,1,3,2024-10-10,Cash
697,197,7,4,2024-03-01,UPI
698,57,2,5,2024-01-08,UPI
699,128,2,2,2024-10-15,NetBanking
700,15,4,3,2024-09-04,UPI
701,141,7,5,2024-03-12,NetBanking
702,13,3,3,2024-06-20,Card
703,133,1,2,2024-10-02,Cash
704,134,5,1,2024-06-09,NetBanking
705,66,5,5,2024-07-21,NetBanking
706,175,1,3,2024-06-04,Card
707,98,7,5,2024-05-11,Cash
708,52,3,1,2024-04-16,Cash
709,119,8,5,2024-03-13,Cash
710,88,4,4,2024-12-27,UPI
711,187,6,1,2024-09-29,UPI
712,105,10,3,2024-01-19,Cash
713,57,8,3,2024-04-12,Card
714,152,10,4,2024-07-26,NetBanking
715,53,4,1,2024-04-02,NetBanking
716,164,2,1,2024-03-11,UPI
717,153,8,2,2024-01-08,Card
718,128,4,3,2024-04-18,Card
719,38,4,5,2024-02-21,NetBanking
720,25,4,1,2024-01-26,NetBanking
721,58,5,4,2024-12-17,NetBanking
722,40,1,2,2024-01-22,Card
723,115,5,2,2024-10-25,Cash
724,181,9,2,2024-06-07,Cash
725,84,9,2,2024-03-18,Card
726,101,1,3,2024-07-13,Card
727,165,5,2,2024-12-01,UPI
728,51,8,2,2024-04-04,NetBanking
729,86,7,1,2024-01-20,Cash
730,32,4,5,2024-09-26,UPI
731,75,8,3,2024-01-10,NetBanking
732,24,4,4,2024-05-23,Cash
733,154,10,5,2024-02-15,Card
734,36,8,3,2024-04-26,Cash
735,9,10,5,2024-02-21,UPI
736,89,4,2,2024-12-02,Cash
737,13,3,3,2024-06-28,NetBanking
738,124,4,3,2024-07-05,Card
739,29,5,1,2024-10-13,NetBanking
740,25,9,1,2024-03-23,NetBanking
741,119,1,1,2024-01-21,UPI
742,106,3,4,2024-10-22,Cash
743,20,6,2,2024-07-03,Card
744,170,2,3,2024-01-03,NetBanking
745,78,3,3,2024-02-18,UPI
746,62,2,2,2024-09-11,Cash
747,138,9,1,2024-06-15,NetBanking
748,63,3,5,2024-10-01,UPI
749,130,5,3,2024-04-11,Cash
750,104,9,2,2024-03-06,Card
751,187,9,5,2024-05-02,UPI
752,4,2,1,2024-09-07,Card
753,177,4,1,2024-03-28,Card
754,68,1,4,2024-07-20,UPI
755,75,10,1,2024-02-13,Card
756,60,4,5,2024-09-19,UPI
757,63,2,5,2024-06-21,UPI
758,11,4,5,2024-12-20,Card
759,78,6,1,2024-08-24,Card
760,3,6,4,2024-07-27,UPI
761,23,4,2,2024-09-18,Card
762,39,6,2,2024-04-14,Card
763,57,6,1,2024-01-02,NetBanking
764,10,8,5,2024-06-17,UPI
765,193,10,1,2024-04-11,UPI
766,94,7,1,2024-11-29,Cash
767,150,3,4,2024-12-10,NetBanking
768,35,5,3,2024-01-28,NetBanking
769,175,10,2,2024-08-10,NetBanking
770,164,9,3,2024-10-30,UPI
771,18,5,2,2024-05-02,Card
772,151,8,5,2024-05-01,NetBanking
773,148,1,4,2024-12-05,NetBanking
774,161,6,4,2024-07-26,UPI
775,59,6,5,2024-08-06,Cash
776,2,5,4,2024-11-05,UPI
777,29,8,4,2024-07-29,Cash
778,118,3,3,2024-10-06,Card
779,22,6,4,2024-08-26,UPI
780,75,6,1,2024-05-18,Card
781,180,8,4,2024-12-04,Card
782,31,4,1,2024-07-11,Card
783,100,5,3,2024-03-18,Cash
784,43,4,3,2024-11-08,NetBanking
785,79,8,3,2024-09-16,Card
786,42,7,5,2024-01-05,UPI
787,45,2,2,2024-08-20,Cash
788,189,6,1,2024-10-09,NetBanking
789,35,5,4,2024-02-08,Cash
790,114,5,3,2024-07-04,Cash
791,170,7,5,2024-12-12,UPI
792,168,8,4,2024-07-05,UPI
793,15,2,5,2024-07-12,NetBanking
794,80,9,2,2024-11-06,NetBanking
795,9,6,4,2024-03-11,UPI
796,70,3,2,2024-10-27,UPI
797,101,3,5,2024-11-24,Cash
798,161,4,3,2024-10-05,UPI
799,108,9,4,2024-11-28,UPI
800,174,7,4,2024-12-29,Cash
801,177,5,3,2024-03-23,NetBanking
802,13,9,3,2024-03-12,Card
803,133,1,2,2024-06-06,Card
804,175,5,1,2024-10-27,Cash
805,99,6,2,2024-05-19,Cash
806,122,4,5,2024-06-13,NetBanking
807,104,2,3,2024-07-04,NetBanking
808,82,7,4,2024-05-16,UPI
809,53,10,4,2024-09-13,NetBanking
810,164,3,3,2024-01-23,Card
811,72,9,4,2024-12-04,NetBanking
812,193,2,3,2024-07-19,Cash
813,184,7,5,2024-05-27,UPI
814,67,8,1,2024-01-22,Cash
815,91,10,3,2024-05-15,Card
816,18,9,1,2024-11-04,NetBanking
817,183,2,3,2024-03-25,Card
818,186,2,4,2024-07-20,Cash
819,103,7,4,2024-06-21,Cash
820,48,3,5,2024-09-23,NetBanking
821,172,5,2,2024-04-19,Cash
822,175,2,4,2024-02-04,UPI
823,147,4,5,2024-08-09,NetBanking
824,55,10,3,2024-12-13,Card
825,39,4,2,2024-09-13,UPI
826,73,1,4,2024-05-27,Card
827,166,7,5,2024-05-20,UPI
828,198,10,5,2024-09-17,Cash
829,156,4,2,2024-06-07,UPI
830,93,10,1,2024-07-03,UPI
831,180,9,1,2024-03-03,Cash
832,56,1,4,2024-11-18,Card
833,115,5,5,2024-01-31,NetBanking
834,152,9,5,2024-01-17,UPI
835,138,8,1,2024-09-04,Card
836,76,6,3,2024-09-28,Card
837,56,9,2,2024-05-24,UPI
838,58,3,1,2024-09-15,Cash
839,109,6,1,2024-11-18,Cash
840,186,2,5,2024-02-27,NetBanking
841,100,9,5,2024-07-28,Card
842,171,1,3,2024-09-29,Cash
843,169,5,1,2024-11-24,NetBanking
844,148,3,4,2024-08-20,NetBanking
845,49,6,5,2024-04-07,UPI
846,104,3,3,2024-04-09,UPI
847,189,9,1,2024-08-12,Card
848,181,4,3,2024-04-13,Cash
849,192,1,5,2024-01-09,UPI
850,91,4,4,2024-01-07,Cash
851,143,6,2,2024-10-16,Cash
852,91,5,1,2024-01-23,Card
853,177,6,4,2024-01-16,NetBanking
854,198,2,3,2024-02-24,Card
855,94,8,4,2024-02-12,Cash
856,82,8,2,2024-02-25,Cash
857,131,7,2,2024-06-30,Cash
858,169,1,2,2024-12-29,Cash
859,133,7,4,2024-03-23,NetBanking
860,35,3,1,2024-02-26,Card
861,187,10,5,2024-07-13,UPI
862,3,2,4,2024-01-23,Card
863,147,9,1,2024-06-14,Cash
864,160,9,4,2024-09-05,Card
865,2,4,2,2024-06-30,NetBanking
866,27,2,5,2024-03-05,Card
867,113,8,5,2024-10-26,NetBanking
868,195,2,5,2024-01-28,NetBanking
869,44,7,2,2024-11-28,NetBanking
870,178,8,5,2024-03-13,UPI
871,128,10,4,2024-02-02,Card
872,59,1,4,2024-10-16,Card
873,163,1,2,2024-02-18,Card
874,1,1,4,2024-01-25,NetBanking
875,62,4,1,2024-10-11,NetBanking
876,68,1,2,2024-08-27,UPI
877,123,2,1,2024-04-05,Card
878,136,3,5,2024-09-19,Cash
879,28,9,4,2024-01-02,UPI
880,8,9,1,2024-09-14,UPI
881,181,1,5,2024-11-10,Cash
882,118,7,1,2024-10-13,Card
883,7,3,5,2024-08-22,Card
884,32,4,4,2024-02-26,UPI
885,140,9,3,2024-12-12,UPI
886,23,4,1,2024-02-15,Cash
887,71,5,3,2024-05-31,Card
888,127,10,5,2024-06-20,Card
889,2,2,1,2024-01-23,UPI
890,175,10,2,2024-09-23,NetBanking
891,117,7,5,2024-10-21,Card
892,195,2,1,2024-01-31,UPI
893,172,3,4,2024-01-29,Card
894,159,5,4,2024-05-10,Card
895,65,5,3,2024-01-15,Cash
896,98,2,2,2024-08-14,Card
897,168,8,5,2024-06-15,Cash
898,64,1,4,2024-10-02,UPI
899,88,4,5,2024-07-01,Cash
900,1,4,3,2024-02-10,Card
901,27,1,3,2024-08-05,Cash
902,94,2,5,2024-03-03,NetBanking
903,42,4,5,2024-01-28,Card
904,105,9,1,2024-11-27,Card
905,56,5,1,2024-12-31,Cash
906,111,2,2,2024-11-08,NetBanking
907,158,3,3,2024-07-19,Card
908,88,5,1,2024-02-16,Card
909,165,5,5,2024-12-01,Card
910,168,2,5,2024-02-04,NetBanking
911,78,2,1,2024-02-04,UPI
912,19,6,1,2024-03-13,UPI
913,185,8,5,2024-12-18,Cash
914,197,8,2,2024-02-21,Cash
915,78,7,4,2024-12-22,Card
916,114,2,4,2024-06-24,Cash
917,53,1,4,2024-04-25,UPI
918,54,6,3,2024-05-22,UPI
919,49,2,1,2024-03-21,Cash
920,170,5,2,2024-01-24,Card
921,124,2,1,2024-07-15,Cash
922,167,2,5,2024-10-25,Card
923,16,2,3,2024-01-08,Cash
924,34,6,3,2024-10-04,Card
925,36,6,3,2024-07-08,Cash
926,43,9,1,2024-05-07,Card
927,74,7,1,2024-04-24,Card
928,57,7,3,2024-05-03,NetBanking
929,68,1,1,2024-02-20,NetBanking
930,95,4,3,2024-01-16,NetBanking
931,113,8,1,2024-02-26,NetBanking
932,143,8,1,2024-07-26,UPI
933,125,8,2,2024-04-28,NetBanking
934,113,1,1,2024-04-07,UPI
935,69,6,4,2024-08-28,Card
936,87,9,1,2024-02-06,Card
937,124,4,5,2024-11-08,NetBanking
938,29,1,4,2024-09-25,UPI
939,62,9,2,2024-09-18,Cash
940,55,2,1,2024-09-01,Cash
941,120,8,2,2024-02-08,NetBanking
942,162,6,1,2024-04-15,Cash
943,170,6,1,2024-03-02,NetBanking
944,124,5,2,2024-09-17,UPI
945,161,9,1,2024-11-25,NetBanking
946,176,1,5,2024-11-27,Card
947,198,8,5,2024-03-12,Cash
948,38,7,3,2024-01-22,Cash
949,169,3,2,2024-01-09,NetBanking
950,186,2,4,2024-04-21,UPI
951,74,8,2,2024-04-08,Cash
952,192,6,5,2024-04-12,UPI
953,103,1,2,2024-01-07,Cash
954,124,4,1,2024-09-01,Cash
955,131,8,2,2024-11-14,Card
956,50,8,2,2024-06-07,NetBanking
957,70,4,3,2024-01-17,NetBanking
958,46,6,4,2024-12-08,UPI
959,146,6,2,2024-05-02,UPI
960,40,10,3,2024-11-06,NetBanking
961,122,9,5,2024-12-30,NetBanking
962,36,5,2,2024-10-14,UPI
963,71,7,2,2024-03-11,Card
964,149,6,1,2024-03-26,Card
965,109,3,1,2024-10-26,NetBanking
966,105,5,5,2024-12-04,Card
967,39,5,4,2024-02-18,UPI
968,112,2,1,2024-05-28,UPI
969,74,3,2,2024-08-03,UPI
970,136,7,3,2024-12-05,UPI
971,115,4,4,2024-12-02,Cash
972,134,9,2,2024-08-11,UPI
973,152,5,5,2024-07-14,Card
974,178,5,2,2024-07-29,Cash
975,135,5,1,2024-12-24,UPI
976,160,8,2,2024-12-10,Cash
977,3,8,4,2024-06-23,Card
978,120,6,2,2024-08-08,UPI
979,54,9,4,2024-07-24,Card
980,192,4,3,2024-12-28,Cash
981,98,8,3,2024-03-06,Card
982,164,4,3,2024-02-27,UPI
983,131,3,4,2024-11-11,NetBanking
984,166,2,4,2024-10-25,NetBanking
985,86,10,5,2024-07-01,Cash
986,181,7,3,2024-03-30,NetBanking
987,178,1,2,2024-07-20,Cash
988,30,5,5,2024-11-24,Card
989,163,4,5,2024-04-10,Cash
990,197,5,3,2024-03-24,UPI
991,154,8,5,2024-01-24,Card
992,4,10,5,2024-07-30,Cash
993,8,2,1,2024-03-29,UPI
994,179,4,1,2024-03-29,Card
995,45,5,2,2024-01-10,UPI
996,30,2,1,2024-04-11,Card
997,121,6,1,2024-09-24,Cash
998,82,5,4,2024-09-02,Cash
999,86,1,1,2024-05-15,Card
1000,68,2,1,2024-11-15,UPI
1001,179,5,2,2024-06-17,Cash
1002,129,8,2,2024-04-06,UPI
1003,193,3,4,2024-07-16,Cash
1004,184,1,2,2024-06-08,UPI
1005,121,2,1,2024-10-27,Card
1006,49,8,4,2024-04-28,UPI
1007,170,8,5,2024-08-10,Card
1008,4,4,5,2024-04-20,UPI
1009,163,8,2,2024-05-12,NetBanking
1010,134,9,3,2024-01-30,UPI
1011,59,1,2,2024-09-19,Cash
1012,55,8,5,2024-04-08,Card
1013,53,5,3,2024-03-08,Card
1014,16,4,4,2024-06-22,Cash
1015,102,6,5,2024-06-05,UPI
1016,199,10,3,2024-02-15,Cash
1017,13,6,5,2024-05-01,Card
1018,45,4,4,2024-01-16,Card
1019,83,2,5,2024-09-23,Cash
1020,176,8,5,2024-06-08,UPI
1021,28,2,5,2024-07-17,NetBanking
1022,124,2,3,2024-12-08,Card
1023,116,6,4,2024-12-30,NetBanking
1024,198,6,5,2024-08-16,Cash
1025,159,1,1,2024-08-21,UPI
1026,164,5,2,2024-01-20,Card
1027,17,8,5,2024-01-18,Cash
1028,169,2,3,2024-08-11,UPI
1029,38,7,1,2024-01-27,UPI
1030,74,3,5,2024-02-24,UPI
1031,81,3,5,2024-11-05,NetBanking
1032,44,4,2,2024-07-17,NetBanking
1033,182,6,3,2024-03-04,Card
1034,118,9,1,2024-02-16,Cash
1035,190,7,4,2024-04-25,Card
1036,155,5,4,2024-07-20,Card
1037,188,3,2,2024-09-08,UPI
1038,132,6,2,2024-01-15,Cash
1039,132,8,2,2024-11-11,Cash
1040,81,3,3,2024-12-15,Card
1041,169,7,1,2024-01-01,Card
1042,148,6,1,2024-05-10,UPI
1043,10,6,2,2024-06-11,Cash
1044,94,5,3,2024-11-12,Cash
1045,101,7,3,2024-02-26,Card
1046,4,7,5,2024-05-05,UPI
1047,187,3,2,2024-06-06,Cash
1048,130,6,4,2024-08-11,Cash
1049,35,4,5,2024-12-31,Cash
1050,172,1,3,2024-03-29,Cash
1051,199,3,5,2024-11-30,UPI
1052,141,8,3,2024-08-28,NetBanking
1053,192,4,3,2024-07-03,Card
1054,17,2,1,2024-06-16,UPI
1055,7,4,3,2024-02-06,UPI
1056,128,1,2,2024-08-24,NetBanking
1057,80,8,4,2024-06-07,NetBanking
1058,82,6,3,2024-06-29,UPI
1059,154,10,5,2024-02-05,NetBanking
1060,115,7,1,2024-12-06,Card
1061,54,4,3,2024-10-04,Cash
1062,169,2,5,2024-01-18,NetBanking
1063,152,10,4,2024-01-13,Card
1064,110,2,2,2024-09-25,Cash
1065,132,6,1,2024-04-23,UPI
1066,57,6,4,2024-03-21,NetBanking
1067,164,2,4,2024-04-13,Cash
1068,78,6,5,2024-04-05,NetBanking
1069,140,9,1,2024-12-08,Card
1070,155,7,5,2024-03-25,Card
1071,5,9,1,2024-10-18,Cash
1072,14,1,2,2024-09-15,UPI
1073,129,4,5,2024-08-24,Card
1074,144,4,2,2024-03-19,NetBanking
1075,8,7,2,2024-11-04,Cash
1076,155,5,2,2024-08-03,Card
1077,132,8,1,2024-02-17,UPI
1078,88,3,2,2024-10-02,Cash
1079,60,9,2,2024-04-28,Card
1080,52,10,1,2024-08-24,Card
1081,70,7,5,2024-01-27,NetBanking
1082,1,8,1,2024-02-05,NetBanking
1083,37,6,4,2024-03-28,Card
1084,140,6,4,2024-05-05,Card
1085,59,3,4,2024-07-01,NetBanking
1086,78,5,2,2024-11-21,Card
1087,115,2,2,2024-04-08,Cash
1088,32,9,3,2024-04-04,NetBanking
1089,123,8,5,2024-09-05,NetBanking
1090,71,8,5,2024-04-11,NetBanking
1091,152,9,2,2024-09-13,Card
1092,60,2,3,2024-12-25,NetBanking
1093,18,7,1,2024-06-30,NetBanking
1094,86,6,4,2024-11-26,Card
1095,120,10,5,2024-01-04,UPI
1096,187,8,3,2024-09-17,NetBanking
1097,111,10,3,2024-03-21,UPI
1098,176,3,3,2024-12-13,NetBanking
1099,84,10,5,2024-12-12,Card
1100,88,3,5,2024-10-09,NetBanking
1101,167,3,3,2024-02-29,Card
1102,7,10,3,2024-09-02,NetBanking
1103,127,5,3,2024-09-23,UPI
1104,90,9,5,2024-06-15,NetBanking
1105,30,6,3,2024-07-17,Cash
1106,5,6,4,2024-02-04,Cash
1107,161,9,1,2024-05-21,Cash
1108,74,8,2,2024-12-19,NetBanking
1109,6,2,2,2024-04-17,UPI
1110,189,3,2,2024-06-08,Card
1111,57,1,4,2024-05-15,UPI
1112,188,2,2,2024-10-09,UPI
1113,198,3,4,2024-04-08,UPI
1114,192,8,4,2024-08-04,UPI
1115,162,3,5,2024-03-05,Cash
1116,10,2,1,2024-03-23,UPI
1117,10,1,3,2024-12-28,Card
1118,29,8,2,2024-02-24,Card
1119,51,10,3,2024-12-10,Card
1120,93,2,4,2024-06-15,NetBanking
1121,105,5,4,2024-04-29,NetBanking
1122,7,3,2,2024-04-02,Card
1123,90,1,4,2024-09-28,UPI
1124,113,9,5,2024-01-08,NetBanking
1125,113,1,5,2024-11-20,Cash
1126,170,7,5,2024-03-16,UPI
1127,144,9,2,2024-09-11,Card
1128,177,7,2,2024-12-19,UPI
1129,129,9,1,2024-07-04,NetBanking
1130,181,4,5,2024-07-13,NetBanking
1131,86,8,5,2024-11-10,Card
1132,81,7,2,2024-05-17,Card
1133,171,10,1,2024-10-23,Cash
1134,82,9,3,2024-11-08,Cash
1135,41,10,5,2024-09-07,Cash
1136,22,8,1,2024-03-17,NetBanking
1137,195,2,5,2024-07-31,Cash
1138,151,9,4,2024-12-26,UPI
1139,23,10,2,2024-02-22,NetBanking
1140,71,2,5,2024-08-10,NetBanking
1141,186,5,1,2024-08-17,Cash
1142,25,1,4,2024-06-02,Card
1143,17,5,3,2024-07-08,Card
1144,131,9,5,2024-08-06,Cash
1145,117,6,4,2024-12-15,NetBanking
1146,31,1,2,2024-12-13,Cash
1147,14,10,5,2024-03-08,Cash
1148,164,7,2,2024-05-12,UPI
1149,114,8,1,2024-02-14,UPI
1150,9,4,4,2024-11-03,NetBanking
1151,184,2,3,2024-06-24,Card
1152,35,2,2,2024-09-13,Cash
1153,87,3,2,2024-04-24,NetBanking
1154,58,5,3,2024-02-01,Card
1155,42,10,3,2024-02-02,NetBanking
1156,137,10,4,2024-04-18,UPI
1157,107,8,3,2024-12-15,UPI
1158,191,7,2,2024-11-30,NetBanking
1159,124,9,2,2024-05-12,Card
1160,134,2,5,2024-06-11,NetBanking
1161,43,3,4,2024-08-28,NetBanking
1162,69,10,3,2024-02-20,NetBanking
1163,196,10,3,2024-03-24,Cash
1164,25,6,4,2024-02-27,Card
1165,128,10,3,2024-06-18,NetBanking
1166,148,9,2,2024-06-09,UPI
1167,82,4,4,2024-03-04,Cash
1168,117,6,5,2024-12-16,Cash
1169,124,4,5,2024-12-06,Card
1170,93,4,5,2024-04-07,Cash
1171,76,4,5,2024-02-02,NetBanking
1172,3,4,5,2024-02-06,Card
1173,132,9,1,2024-05-01,UPI
1174,176,5,1,2024-04-08,UPI
1175,69,1,4,2024-02-14,Cash
1176,81,10,1,2024-09-20,NetBanking
1177,90,10,5,2024-04-02,UPI
1178,147,4,2,2024-04-24,UPI
1179,54,2,3,2024-10-26,Cash
1180,173,7,4,2024-12-23,UPI
1181,18,10,4,2024-02-26,Cash
1182,132,3,4,2024-07-05,UPI
1183,7,1,4,2024-11-15,NetBanking
1184,42,6,3,2024-10-09,Card
1185,92,6,3,2024-10-05,Card
1186,42,3,2,2024-03-17,UPI
1187,151,2,2,2024-06-07,UPI
1188,144,8,4,2024-08-25,UPI
1189,187,1,2,2024-08-04,Card
1190,61,1,2,2024-07-01,Card
1191,199,2,4,2024-10-28,NetBanking
1192,110,6,4,2024-01-22,Card
1193,172,1,4,2024-09-14,Card
1194,10,10,2,2024-04-11,UPI
1195,67,2,3,2024-02-15,Cash
1196,167,2,4,2024-06-06,UPI
1197,132,8,2,2024-12-17,Card
1198,45,5,4,2024-06-15,UPI
1199,181,9,4,2024-03-25,UPI
1200,128,2,2,2024-11-16,UPI
1201,73,9,1,2024-06-20,UPI
1202,27,9,2,2024-09-18,NetBanking
1203,44,4,2,2024-08-09,Cash
1204,170,8,1,2024-05-02,NetBanking
1205,1,4,4,2024-02-21,Card
1206,105,2,5,2024-12-17,Cash
1207,94,6,2,2024-05-16,Cash
1208,57,1,4,2024-08-01,NetBanking
1209,18,3,1,2024-02-06,UPI
1210,140,4,3,2024-11-17,UPI
1211,98,9,4,2024-05-09,Card
1212,26,8,5,2024-08-17,Cash
1213,17,10,4,2024-03-05,Card
1214,18,8,4,2024-03-06,UPI
1215,179,3,5,2024-01-24,UPI
1216,29,6,2,2024-01-28,Card
1217,150,5,3,2024-03-28,Cash
1218,105,5,2,2024-08-12,NetBanking
1219,46,1,2,2024-02-16,NetBanking
1220,61,3,3,2024-02-29,UPI
1221,98,2,2,2024-01-02,Card
1222,11,6,1,2024-06-05,Cash
1223,192,9,5,2024-08-14,Card
1224,80,9,2,2024-09-04,Cash
1225,33,6,3,2024-09-18,Card
1226,159,5,5,2024-03-06,UPI
1227,108,7,5,2024-04-04,UPI
1228,137,5,3,2024-03-01,NetBanking
1229,200,6,5,2024-08-31,Card
1230,181,9,5,2024-07-11,Cash
1231,76,7,1,2024-05-11,NetBanking
1232,83,4,4,2024-07-02,Cash
1233,117,6,1,2024-07-03,Card
1234,60,7,3,2024-11-21,Cash
1235,178,1,3,2024-10-07,UPI
1236,88,6,4,2024-01-17,NetBanking
1237,156,9,3,2024-04-27,Cash
1238,87,8,1,2024-04-05,NetBanking
1239,27,6,2,2024-05-18,NetBanking
1240,12,3,3,2024-08-03,NetBanking
1241,74,7,2,2024-06-09,Card
1242,165,3,2,2024-06-29,Cash
1243,16,4,3,2024-01-19,Card
1244,14,7,4,2024-04-08,Card
1245,198,6,5,2024-03-02,UPI
1246,70,8,5,2024-07-22,Cash
1247,6,7,4,2024-04-05,NetBanking
1248,3,6,1,2024-06-13,Cash
1249,33,1,5,2024-04-06,Card
1250,6,10,5,2024-11-08,Card
1251,76,2,2,2024-12-28,Card
1252,60,8,5,2024-10-21,Cash
1253,32,1,5,2024-06-15,UPI
1254,131,8,1,2024-05-01,Card
1255,113,5,4,2024-07-04,UPI
1256,59,2,3,2024-07-23,Card
1257,168,7,2,2024-06-19,Card
1258,97,1,5,2024-10-08,Cash
1259,69,8,4,2024-08-27,UPI
1260,14,7,4,2024-04-26,Card
1261,200,10,4,2024-10-07,NetBanking
1262,41,2,3,2024-08-13,UPI
1263,80,8,2,2024-12-20,UPI
1264,18,2,1,2024-04-04,Cash
1265,2,7,4,2024-09-16,NetBanking
1266,75,6,5,2024-07-07,Card
1267,26,9,5,2024-09-09,UPI
1268,96,5,5,2024-04-17,Card
1269,100,6,3,2024-11-04,Cash
1270,73,2,5,2024-07-08,UPI
1271,94,9,3,2024-03-11,Cash
1272,173,2,3,2024-03-23,NetBanking
1273,6,6,2,2024-07-24,UPI
1274,42,4,5,2024-08-16,Cash
1275,104,5,2,2024-03-29,NetBanking
1276,43,6,1,2024-01-15,NetBanking
1277,57,6,4,2024-12-11,UPI
1278,128,9,4,2024-04-11,Card
1279,18,3,2,2024-05-12,Card
1280,180,10,2,2024-12-03,Cash
1281,75,9,5,2024-03-09,NetBanking
1282,188,10,1,2024-03-09,Cash
1283,80,5,2,2024-10-06,Card
1284,172,8,3,2024-10-17,Card
1285,193,6,4,2024-08-17,Card
1286,16,2,1,2024-11-09,UPI
1287,152,9,2,2024-05-16,UPI
1288,46,9,1,2024-01-09,Card
1289,113,2,4,2024-09-29,Card
1290,47,4,3,2024-11-20,Cash
1291,155,1,2,2024-06-21,Cash
1292,17,2,1,2024-11-15,UPI
1293,13,3,3,2024-12-09,Cash
1294,77,2,2,2024-08-13,Cash
1295,142,1,1,2024-05-26,Card
1296,79,2,5,2024-09-04,Card
1297,98,9,4,2024-07-11,NetBanking
1298,51,4,3,2024-05-18,Card
1299,35,5,4,2024-01-24,Card
1300,25,4,4,2024-07-07,NetBanking
1301,131,6,5,2024-09-05,UPI
1302,160,6,4,2024-04-17,Card
1303,89,8,4,2024-03-21,Card
1304,109,3,4,2024-09-16,Card
1305,51,4,3,2024-10-19,UPI
1306,68,5,3,2024-11-21,UPI
1307,124,5,4,2024-10-30,Card
1308,81,7,1,2024-06-03,Cash
1309,36,9,5,2024-11-03,Card
1310,180,3,3,2024-12-10,UPI
1311,174,7,4,2024-08-11,NetBanking
1312,49,2,2,2024-07-29,Card
1313,131,3,3,2024-04-23,NetBanking
1314,100,5,2,2024-02-21,Card
1315,185,10,2,2024-03-23,NetBanking
1316,151,9,2,2024-08-13,NetBanking
1317,26,1,2,2024-08-15,UPI
1318,197,10,1,2024-10-02,NetBanking
1319,56,5,5,2024-04-26,Card
1320,166,6,3,2024-02-23,NetBanking
1321,17,3,3,2024-03-19,Cash
1322,141,2,1,2024-10-20,UPI
1323,51,4,2,2024-02-13,Cash
1324,65,2,3,2024-09-07,Card
1325,65,1,3,2024-08-24,Card
1326,96,4,4,2024-02-28,Card
1327,3,2,3,2024-02-25,NetBanking
1328,179,8,1,2024-04-25,Card
1329,90,1,3,2024-07-17,NetBanking
1330,167,9,4,2024-04-24,Cash
1331,107,2,5,2024-09-19,NetBanking
1332,174,7,5,2024-09-28,NetBanking
1333,71,3,4,2024-07-27,Card
1334,170,1,5,2024-04-20,NetBanking
1335,148,4,5,2024-09-17,UPI
1336,21,6,4,2024-01-05,UPI
1337,67,8,2,2024-04-08,NetBanking
1338,34,5,4,2024-12-30,Card
1339,37,7,1,2024-12-02,Cash
1340,6,7,4,2024-06-15,Card
1341,87,2,2,2024-01-25,UPI
1342,74,1,3,2024-06-05,Card
1343,30,2,1,2024-06-02,UPI
1344,200,6,2,2024-11-11,NetBanking
1345,163,9,4,2024-03-03,UPI
1346,134,8,3,2024-09-06,NetBanking
1347,99,2,4,2024-04-26,NetBanking
1348,52,6,4,2024-11-26,NetBanking
1349,101,9,5,2024-05-22,UPI
1350,151,1,4,2024-05-14,Card
1351,40,8,4,2024-11-08,Cash
1352,93,3,5,2024-09-22,Card
1353,109,3,3,2024-05-01,UPI
1354,144,1,4,2024-02-11,UPI
1355,158,8,3,2024-10-27,NetBanking
1356,182,2,1,2024-02-25,NetBanking
1357,78,9,1,2024-07-11,Cash
1358,33,8,1,2024-01-09,UPI
1359,39,9,2,2024-11-22,UPI
1360,24,9,2,2024-11-05,UPI
1361,36,5,4,2024-08-13,Cash
1362,151,4,3,2024-01-25,UPI
1363,140,7,3,2024-11-01,UPI
1364,29,2,4,2024-02-02,Card
1365,151,5,4,2024-05-28,Card
1366,148,7,1,2024-05-24,NetBanking
1367,150,6,3,2024-10-08,Cash
1368,164,9,1,2024-02-18,NetBanking
1369,88,4,3,2024-02-28,Cash
1370,131,9,3,2024-06-06,Cash
1371,64,7,5,2024-05-20,Card
1372,112,8,3,2024-11-09,Card
1373,35,9,2,2024-10-12,UPI
1374,21,5,2,2024-07-03,Cash
1375,177,10,2,2024-07-23,NetBanking
1376,45,2,3,2024-12-04,UPI
1377,48,8,5,2024-12-17,NetBanking
1378,12,4,4,2024-07-19,NetBanking
1379,51,6,5,2024-11-28,Cash
1380,104,10,4,2024-09-20,NetBanking
1381,49,7,2,2024-09-19,Cash
1382,143,8,1,2024-02-11,Card
1383,175,2,5,2024-03-29,Cash
1384,69,8,4,2024-06-19,Cash
1385,154,6,2,2024-10-06,Card
1386,44,2,2,2024-10-17,Card
1387,123,6,1,2024-09-25,Card
1388,37,9,2,2024-06-17,Cash
1389,78,2,3,2024-04-15,NetBanking
1390,4,7,2,2024-07-13,NetBanking
1391,4,8,4,2024-01-01,UPI
1392,59,7,3,2024-05-03,UPI
1393,152,2,4,2024-12-29,NetBanking
1394,149,9,1,2024-05-06,NetBanking
1395,74,4,1,2024-07-09,UPI
1396,32,10,1,2024-11-17,NetBanking
1397,141,3,4,2024-03-20,NetBanking
1398,69,6,4,2024-03-23,Card
1399,24,10,3,2024-11-02,NetBanking
1400,50,5,5,2024-12-15,Cash
1401,13,9,3,2024-09-16,UPI
1402,10,6,3,2024-12-27,Cash
1403,170,5,4,2024-09-25,NetBanking
1404,116,8,4,2024-10-17,Cash
1405,29,10,2,2024-02-28,Card
1406,191,3,2,2024-03-10,Card
1407,127,6,2,2024-06-19,NetBanking
1408,124,1,2,2024-01-30,Card
1409,115,2,1,2024-08-19,UPI
1410,5,8,4,2024-09-15,UPI
1411,106,4,2,2024-01-26,NetBanking
1412,61,6,3,2024-11-18,NetBanking
1413,107,7,1,2024-11-26,UPI
1414,83,1,5,2024-08-08,Card
1415,57,6,1,2024-01-14,UPI
1416,15,7,4,2024-12-23,NetBanking
1417,96,2,5,2024-07-12,Cash
1418,4,7,3,2024-07-28,UPI
1419,128,9,5,2024-07-11,UPI
1420,126,2,4,2024-12-03,UPI
1421,128,7,5,2024-11-02,UPI
1422,30,10,4,2024-06-04,UPI
1423,156,7,5,2024-05-21,UPI
1424,122,4,3,2024-10-22,NetBanking
1425,97,2,3,2024-11-17,UPI
1426,85,5,5,2024-04-30,NetBanking
1427,145,1,4,2024-08-23,Card
1428,160,8,3,2024-11-20,UPI
1429,181,5,1,2024-03-16,Cash
1430,182,1,2,2024-01-16,Card
1431,68,4,4,2024-04-25,Cash
1432,158,10,2,2024-02-21,Card
1433,113,9,4,2024-06-26,Card
1434,115,3,5,2024-05-27,Cash
1435,5,9,3,2024-09-09,UPI
1436,32,3,1,2024-07-22,UPI
1437,84,6,1,2024-03-20,NetBanking
1438,35,5,5,2024-12-24,UPI
1439,149,2,4,2024-09-16,Card
1440,125,2,2,2024-03-19,Cash
1441,59,1,1,2024-05-12,UPI
1442,197,3,4,2024-11-20,Cash
1443,34,3,3,2024-12-27,NetBanking
1444,176,3,5,2024-08-17,Cash
1445,65,10,5,2024-04-03,Card
1446,158,6,2,2024-05-04,UPI
1447,173,2,2,2024-06-05,UPI
1448,79,6,1,2024-05-24,NetBanking
1449,139,3,4,2024-02-24,UPI
1450,90,7,2,2024-03-23,Card
1451,19,1,1,2024-12-07,NetBanking
1452,22,3,2,2024-08-20,UPI
1453,105,8,1,2024-01-16,NetBanking
1454,88,4,2,2024-10-27,NetBanking
1455,183,6,4,2024-09-29,Cash
1456,180,3,4,2024-02-04,Cash
1457,108,5,3,2024-03-01,Card
1458,112,6,4,2024-05-24,Card
1459,164,8,3,2024-07-13,UPI
1460,31,8,1,2024-10-17,NetBanking
1461,110,5,4,2024-05-12,NetBanking
1462,27,4,5,2024-12-24,Card
1463,131,7,2,2024-01-04,NetBanking
1464,98,6,4,2024-11-24,UPI
1465,143,2,4,2024-12-03,Card
1466,79,7,5,2024-03-06,Cash
1467,84,8,4,2024-05-27,NetBanking
1468,157,10,2,2024-03-29,Cash
1469,164,9,1,2024-07-30,UPI
1470,71,9,4,2024-07-10,Card
1471,110,1,4,2024-07-29,Card
1472,179,2,1,2024-11-22,Card
1473,80,7,2,2024-07-31,Cash
1474,148,8,4,2024-07-06,NetBanking
1475,28,4,1,2024-06-06,UPI
1476,150,8,4,2024-12-04,Cash
1477,147,7,2,2024-05-02,NetBanking
1478,85,5,4,2024-06-10,NetBanking
1479,188,8,1,2024-09-12,Card
1480,170,1,2,2024-01-29,Cash
1481,77,2,2,2024-05-01,NetBanking
1482,200,5,4,2024-10-02,NetBanking
1483,137,2,1,2024-02-03,Card
1484,171,4,1,2024-07-13,Card
1485,136,5,3,2024-02-04,Card
1486,142,6,4,2024-04-24,UPI
1487,12,2,4,2024-06-15,UPI
1488,189,7,3,2024-07-09,NetBanking
1489,60,5,2,2024-08-27,Card
1490,41,8,3,2024-03-09,NetBanking
1491,196,9,1,2024-04-07,Cash
1492,93,5,5,2024-04-30,UPI
1493,143,6,4,2024-04-28,Cash
1494,4,1,4,2024-12-19,NetBanking
1495,162,6,3,2024-09-12,Card
1496,147,4,3,2024-04-16,Cash
1497,144,8,5,2024-07-01,NetBanking
1498,22,1,5,2024-01-16,NetBanking
1499,162,6,4,2024-04-16,NetBanking
1500,167,9,5,2024-04-17,NetBanking
1501,10,8,2,2024-06-16,NetBanking
1502,200,1,3,2024-05-29,Card
1503,163,8,5,2024-12-08,Card
1504,73,9,4,2024-11-02,Card
1505,187,4,3,2024-07-22,Cash
1506,6,2,3,2024-06-27,Card
1507,148,3,2,2024-07-30,Cash
1508,30,6,5,2024-03-16,UPI
1509,78,5,5,2024-07-30,Cash
1510,165,8,3,2024-12-13,Cash
1511,66,1,2,2024-06-18,Card
1512,83,4,4,2024-05-14,Cash
1513,7,5,3,2024-01-07,Cash
1514,36,4,3,2024-02-29,Cash
1515,88,2,5,2024-04-02,NetBanking
1516,65,2,5,2024-08-16,NetBanking
1517,79,6,5,2024-09-21,UPI
1518,88,7,5,2024-05-14,Card
1519,122,8,3,2024-03-09,Card
1520,67,10,1,2024-04-30,Card
1521,64,1,2,2024-12-24,Card
1522,34,9,4,2024-06-28,NetBanking
1523,96,1,2,2024-12-06,Card
1524,109,9,4,2024-04-06,UPI
1525,183,6,1,2024-02-13,Cash
1526,90,2,4,2024-03-17,Card
1527,162,2,5,2024-11-14,Card
1528,97,3,3,2024-04-21,Cash
1529,121,2,4,2024-06-22,NetBanking
1530,54,6,1,2024-09-08,NetBanking
1531,52,4,5,2024-09-14,UPI
1532,177,8,2,2024-11-03,UPI
1533,87,3,1,2024-04-07,Cash
1534,93,2,4,2024-02-23,UPI
1535,77,7,4,2024-08-29,Cash
1536,88,5,5,2024-01-13,Card
1537,126,3,1,2024-04-14,Cash
1538,174,10,4,2024-04-06,UPI
1539,172,2,5,2024-12-26,UPI
1540,156,3,1,2024-09-26,NetBanking
1541,113,10,3,2024-05-20,UPI
1542,106,10,3,2024-09-27,UPI
1543,70,3,4,2024-04-16,Card
1544,63,3,1,2024-11-21,Cash
1545,34,8,4,2024-07-04,UPI
1546,112,7,1,2024-09-16,UPI
1547,128,10,1,2024-07-26,Card
1548,127,8,2,2024-03-15,NetBanking
1549,34,9,4,2024-05-22,Cash
1550,22,4,1,2024-08-23,Cash
1551,146,2,5,2024-09-30,Card
1552,133,4,2,2024-01-09,UPI
1553,85,4,3,2024-04-26,UPI
1554,13,7,2,2024-01-18,UPI
1555,123,8,2,2024-07-27,Cash
1556,193,4,2,2024-10-11,NetBanking
1557,199,8,2,2024-01-22,Cash
1558,143,4,3,2024-03-01,Card
1559,113,2,1,2024-06-20,Card
1560,176,1,3,2024-10-28,UPI
1561,127,10,4,2024-10-20,UPI
1562,34,6,4,2024-11-17,NetBanking
1563,18,7,2,2024-10-14,Cash
1564,133,7,2,2024-08-06,Cash
1565,96,5,5,2024-02-16,NetBanking
1566,5,6,1,2024-07-21,NetBanking
1567,115,3,5,2024-03-02,Cash
1568,10,4,5,2024-01-08,Card
1569,14,5,4,2024-12-10,Cash
1570,15,4,2,2024-08-17,Cash
1571,179,8,4,2024-07-17,UPI
1572,60,3,3,2024-02-28,Cash
1573,152,8,2,2024-01-31,NetBanking
1574,188,4,1,2024-08-15,NetBanking
1575,196,10,2,2024-02-21,UPI
1576,108,7,2,2024-09-14,UPI
1577,151,4,4,2024-06-24,Card
1578,147,6,1,2024-08-13,Card
1579,187,9,3,2024-02-03,Cash
1580,156,1,1,2024-05-08,NetBanking
1581,160,3,5,2024-06-24,UPI
1582,115,2,3,2024-10-13,Card
1583,44,5,5,2024-11-12,Card
1584,132,5,3,2024-10-26,Cash
1585,115,3,3,2024-05-14,NetBanking
1586,55,10,2,2024-10-27,Card
1587,114,3,2,2024-06-19,Card
1588,102,5,4,2024-08-31,NetBanking
1589,40,6,1,2024-08-05,Cash
1590,46,9,3,2024-12-15,Card
1591,98,5,2,2024-03-06,Cash
1592,179,8,5,2024-09-26,Card
1593,36,3,3,2024-12-14,Cash
1594,1,7,2,2024-02-05,Cash
1595,24,4,1,2024-05-31,NetBanking
1596,84,10,2,2024-05-29,Cash
1597,89,1,5,2024-11-30,UPI
1598,147,1,1,2024-03-25,Cash
1599,136,2,5,2024-08-08,Card
1600,62,8,5,2024-06-23,NetBanking
1601,12,5,3,2024-03-01,NetBanking
1602,168,6,5,2024-06-01,UPI
1603,192,4,5,2024-11-25,Cash
1604,73,5,3,2024-11-08,UPI
1605,60,1,1,2024-11-09,NetBanking
1606,90,10,2,2024-11-30,NetBanking
1607,87,5,2,2024-11-16,Card
1608,162,9,5,2024-05-31,Card
1609,148,2,5,2024-03-30,UPI
1610,62,6,5,2024-09-20,NetBanking
1611,35,9,4,2024-10-24,NetBanking
1612,43,1,3,2024-02-14,UPI
1613,167,6,2,2024-01-14,UPI
1614,48,3,3,2024-05-30,UPI
1615,130,3,4,2024-11-28,Card
1616,139,5,3,2024-03-30,Card
1617,115,3,4,2024-07-25,Card
1618,33,5,4,2024-03-10,Cash
1619,142,4,4,2024-07-08,UPI
1620,136,6,5,2024-08-21,UPI
1621,196,9,5,2024-11-17,UPI
1622,146,5,5,2024-02-19,Card
1623,85,6,4,2024-01-10,UPI
1624,26,3,4,2024-05-13,Cash
1625,15,3,3,2024-12-20,UPI
1626,96,6,3,2024-11-29,Card
1627,117,8,1,2024-06-22,Cash
1628,83,9,1,2024-06-10,UPI
1629,91,9,4,2024-12-16,Cash
1630,195,9,5,2024-10-29,Cash
1631,116,5,2,2024-02-06,Cash
1632,161,2,2,2024-12-02,NetBanking
1633,11,1,5,2024-05-24,Card
1634,106,9,5,2024-02-16,Card
1635,64,2,2,2024-12-10,NetBanking
1636,165,10,1,2024-05-01,UPI
1637,58,1,2,2024-03-19,NetBanking
1638,137,3,2,2024-09-27,NetBanking
1639,123,5,1,2024-04-28,Cash
1640,78,9,4,2024-01-18,Cash
1641,112,3,5,2024-08-18,Card
1642,145,10,5,2024-06-18,UPI
1643,183,8,5,2024-10-08,Card
1644,3,6,4,2024-12-31,NetBanking
1645,96,10,1,2024-11-28,NetBanking
1646,12,2,4,2024-02-09,UPI
1647,146,7,3,2024-04-29,Cash
1648,168,8,1,2024-08-15,NetBanking
1649,149,5,5,2024-11-04,Cash
1650,125,4,4,2024-02-08,NetBanking
1651,32,9,3,2024-12-30,Card
1652,139,7,2,2024-05-02,Card
1653,62,4,3,2024-01-12,NetBanking
1654,71,5,1,2024-01-08,NetBanking
1655,77,9,4,2024-11-01,Cash
1656,195,10,2,2024-08-29,NetBanking
1657,119,5,4,2024-01-21,UPI
1658,120,10,3,2024-04-05,UPI
1659,185,8,2,2024-04-28,Cash
1660,95,10,5,2024-02-26,Cash
1661,2,10,3,2024-06-27,NetBanking
1662,154,2,3,2024-06-18,Cash
1663,79,3,2,2024-01-12,UPI
1664,119,9,3,2024-04-22,UPI
1665,1,6,2,2024-07-28,Cash
1666,85,5,5,2024-01-14,UPI
1667,137,5,5,2024-11-24,Cash
1668,19,10,5,2024-12-29,NetBanking
1669,148,5,1,2024-06-26,NetBanking
1670,7,5,3,2024-01-09,Cash
1671,13,10,1,2024-05-01,NetBanking
1672,25,10,3,2024-02-06,Cash
1673,90,2,2,2024-02-09,NetBanking
1674,116,4,2,2024-09-29,Cash
1675,133,6,4,2024-12-08,Cash
1676,105,10,5,2024-10-20,Card
1677,22,1,5,2024-10-01,UPI
1678,38,8,3,2024-04-04,NetBanking
1679,106,10,3,2024-08-07,Card
1680,1,2,5,2024-03-08,Card
1681,66,8,5,2024-12-13,Card
1682,183,1,1,2024-11-02,Cash
1683,82,1,1,2024-08-08,Cash
1684,61,4,5,2024-02-24,NetBanking
1685,54,2,2,2024-02-25,Card
1686,58,2,4,2024-10-26,UPI
1687,84,7,3,2024-08-31,Card
1688,103,8,2,2024-06-14,NetBanking
1689,115,3,5,2024-02-21,UPI
1690,116,9,4,2024-02-23,UPI
1691,192,4,3,2024-03-06,UPI
1692,157,7,4,2024-08-29,NetBanking
1693,176,3,5,2024-08-04,NetBanking
1694,48,8,3,2024-10-08,UPI
1695,154,9,2,2024-06-17,Cash
1696,58,10,2,2024-05-06,NetBanking
1697,177,7,5,2024-09-10,NetBanking
1698,138,3,2,2024-04-26,Cash
1699,85,2,1,2024-06-05,UPI
1700,122,3,4,2024-11-18,NetBanking
1701,1,7,1,2024-10-23,UPI
1702,134,7,2,2024-01-14,Card
1703,52,6,4,2024-06-15,Card
1704,92,10,2,2024-10-04,Cash
1705,52,1,2,2024-06-13,UPI
1706,10,5,1,2024-11-08,UPI
1707,7,7,5,2024-08-03,NetBanking
1708,92,1,5,2024-12-24,NetBanking
1709,37,10,1,2024-03-21,NetBanking
1710,81,10,3,2024-09-29,NetBanking
1711,6,5,3,2024-06-27,UPI
1712,18,2,4,2024-01-03,NetBanking
1713,29,8,1,2024-03-02,Cash
1714,4,7,1,2024-09-29,Card
1715,102,4,1,2024-12-17,Cash
1716,156,1,5,2024-07-31,Card
1717,136,1,1,2024-03-31,Card
1718,58,3,3,2024-06-23,NetBanking
1719,16,6,4,2024-12-06,Card
1720,129,8,2,2024-12-25,Cash
1721,134,1,2,2024-06-21,NetBanking
1722,53,8,2,2024-06-07,UPI
1723,87,7,5,2024-04-27,NetBanking
1724,146,7,1,2024-02-16,UPI
1725,28,5,5,2024-03-04,NetBanking
1726,13,2,5,2024-01-17,Card
1727,10,3,5,2024-09-27,Card
1728,159,10,4,2024-07-21,Card
1729,69,6,2,2024-11-24,Cash
1730,162,8,2,2024-08-17,Cash
1731,131,8,1,2024-06-03,Card
1732,139,4,4,2024-06-03,Cash
1733,167,1,5,2024-03-05,UPI
1734,29,4,2,2024-01-11,Card
1735,127,3,1,2024-10-04,Cash
1736,94,7,2,2024-09-04,UPI
1737,67,4,3,2024-03-10,NetBanking
1738,68,6,3,2024-06-14,Card
1739,5,9,3,2024-10-31,NetBanking
1740,170,1,2,2024-02-11,NetBanking
1741,118,4,4,2024-03-10,UPI
1742,129,8,5,2024-03-01,UPI
1743,82,3,5,2024-10-04,Card
1744,161,10,5,2024-07-12,UPI
1745,169,1,2,2024-10-20,Cash
1746,20,2,2,2024-08-15,Cash
1747,30,4,5,2024-07-14,Cash
1748,51,5,4,2024-10-20,UPI
1749,173,7,2,2024-05-09,NetBanking
1750,106,2,4,2024-09-28,Card
1751,42,3,3,2024-03-17,Card
1752,135,4,4,2024-09-30,Card
1753,53,4,2,2024-03-16,NetBanking
1754,20,8,3,2024-12-21,Cash
1755,168,2,2,2024-02-02,UPI
1756,7,2,5,2024-10-16,UPI
1757,27,6,2,2024-10-28,NetBanking
1758,136,6,3,2024-07-21,NetBanking
1759,144,9,2,2024-12-14,UPI
1760,77,4,2,2024-03-25,NetBanking
1761,113,4,4,2024-08-28,Card
1762,189,2,4,2024-08-06,NetBanking
1763,181,5,3,2024-08-11,Cash
1764,182,8,1,2024-08-16,NetBanking
1765,92,9,1,2024-11-30,NetBanking
1766,42,9,3,2024-06-01,UPI
1767,126,8,1,2024-02-06,Card
1768,113,8,3,2024-09-01,Cash
1769,136,6,4,2024-11-12,Card
1770,118,1,5,2024-02-14,Cash
1771,73,3,3,2024-06-12,Cash
1772,191,7,4,2024-11-05,UPI
1773,39,3,2,2024-07-07,Card
1774,103,6,4,2024-03-07,NetBanking
1775,150,10,5,2024-01-21,Card
1776,86,1,2,2024-09-30,UPI
1777,191,5,3,2024-08-01,NetBanking
1778,73,7,5,2024-07-07,Card
1779,71,9,2,2024-04-23,NetBanking
1780,70,3,4,2024-10-07,UPI
1781,54,8,1,2024-07-31,Cash
1782,19,2,1,2024-07-01,NetBanking
1783,58,8,1,2024-09-01,Cash
1784,66,3,4,2024-03-05,UPI
1785,42,4,5,2024-09-11,Card
1786,58,8,3,2024-08-27,UPI
1787,28,7,3,2024-04-30,Cash
1788,28,5,5,2024-01-26,Cash
1789,163,3,2,2024-11-25,Card
1790,158,9,5,2024-08-23,Card
1791,121,1,2,2024-04-17,Cash
1792,80,5,1,2024-06-11,NetBanking
1793,18,4,4,2024-05-10,NetBanking
1794,40,5,1,2024-03-11,Card
1795,130,4,4,2024-03-26,UPI
1796,81,8,3,2024-09-22,NetBanking
1797,47,3,2,2024-05-23,NetBanking
1798,4,10,4,2024-02-18,UPI
1799,193,2,4,2024-03-23,Card
1800,190,2,2,2024-04-30,UPI
1801,83,2,1,2024-07-17,Cash
1802,26,1,5,2024-03-05,UPI
1803,122,10,4,2024-06-16,UPI
1804,84,2,1,2024-07-23,UPI
1805,87,1,2,2024-05-14,UPI
1806,86,6,1,2024-11-16,NetBanking
1807,63,10,4,2024-03-01,Card
1808,56,3,1,2024-11-08,Card
1809,160,1,1,2024-02-09,Card
1810,68,10,3,2024-04-17,UPI
1811,25,6,2,2024-10-14,UPI
1812,47,10,2,2024-11-10,NetBanking
1813,198,9,5,2024-01-19,UPI
1814,26,4,2,2024-11-30,UPI
1815,21,2,3,2024-05-08,NetBanking
1816,140,7,3,2024-08-31,UPI
1817,149,4,1,2024-10-16,NetBanking
1818,15,6,4,2024-08-25,NetBanking
1819,155,7,2,2024-01-27,Cash
1820,150,8,1,2024-12-31,Card
1821,6,9,3,2024-06-09,NetBanking
1822,120,2,3,2024-02-28,Cash
1823,34,9,1,2024-09-29,Card
1824,99,8,2,2024-07-01,Cash
1825,65,3,3,2024-12-13,Cash
1826,64,5,1,2024-10-27,UPI
1827,7,5,3,2024-11-11,NetBanking
1828,68,5,2,2024-07-12,Cash
1829,59,2,4,2024-10-26,UPI
1830,30,4,5,2024-05-11,UPI
1831,78,10,4,2024-09-05,NetBanking
1832,121,1,5,2024-06-29,Cash
1833,9,8,1,2024-09-06,NetBanking
1834,1,6,3,2024-04-11,UPI
1835,160,1,5,2024-10-07,NetBanking
1836,92,4,2,2024-02-14,NetBanking
1837,8,6,4,2024-11-01,UPI
1838,168,10,5,2024-01-23,UPI
1839,99,8,5,2024-01-10,Card
1840,12,6,1,2024-12-13,UPI
1841,140,3,2,2024-12-27,UPI
1842,69,8,4,2024-06-23,Card
1843,47,10,3,2024-01-04,UPI
1844,17,9,5,2024-08-13,UPI
1845,156,10,3,2024-04-03,Cash
1846,39,8,1,2024-12-02,Card
1847,37,2,1,2024-10-24,NetBanking
1848,93,8,1,2024-06-13,Card
1849,139,3,4,2024-10-03,Cash
1850,66,5,2,2024-08-23,Cash
1851,108,5,5,2024-04-26,Card
1852,41,5,4,2024-07-05,NetBanking
1853,18,5,4,2024-01-31,Cash
1854,198,5,1,2024-02-13,UPI
1855,125,3,3,2024-01-25,NetBanking
1856,124,4,5,2024-10-25,Card
1857,19,8,2,2024-12-05,Cash
1858,75,2,5,2024-09-18,NetBanking
1859,127,3,4,2024-10-09,UPI
1860,173,6,4,2024-01-21,Cash
1861,131,2,3,2024-03-22,NetBanking
1862,62,5,4,2024-02-28,Card
1863,155,5,3,2024-10-04,Card
1864,66,1,4,2024-07-08,Cash
1865,143,2,5,2024-12-17,Cash
1866,126,7,5,2024-09-18,NetBanking
1867,18,1,3,2024-02-07,Card
1868,137,1,4,2024-12-09,Cash
1869,58,1,3,2024-01-12,Cash
1870,71,10,5,2024-04-13,UPI
1871,26,6,3,2024-02-08,UPI
1872,119,4,3,2024-05-21,UPI
1873,185,10,2,2024-02-05,Card
1874,100,7,3,2024-11-07,Cash
1875,135,6,5,2024-06-16,Card
1876,3,9,5,2024-02-08,NetBanking
1877,20,4,3,2024-09-13,NetBanking
1878,4,4,5,2024-11-21,Card
1879,16,6,5,2024-09-20,Card
1880,34,6,2,2024-06-30,Card
1881,141,8,5,2024-04-01,Cash
1882,18,6,4,2024-04-12,Cash
1883,124,9,1,2024-01-27,UPI
1884,119,6,1,2024-10-23,Card
1885,92,7,3,2024-02-05,Card
1886,162,8,5,2024-08-23,Cash
1887,168,9,4,2024-03-13,Card
1888,38,9,5,2024-02-13,NetBanking
1889,111,1,1,2024-07-27,Card
1890,181,1,5,2024-03-15,Cash
1891,129,7,1,2024-08-25,NetBanking
1892,183,7,3,2024-07-25,Cash
1893,16,9,2,2024-12-26,Card
1894,200,9,3,2024-04-09,Cash
1895,11,6,3,2024-04-02,Cash
1896,111,4,3,2024-10-01,UPI
1897,72,8,4,2024-11-21,Cash
1898,75,4,4,2024-10-25,Cash
1899,184,10,4,2024-08-03,UPI
1900,76,2,4,2024-03-16,Cash
1901,48,10,2,2024-12-04,Cash
1902,60,4,2,2024-04-03,NetBanking
1903,37,10,3,2024-02-12,UPI
1904,173,8,4,2024-11-07,NetBanking
1905,190,2,3,2024-08-31,Cash
1906,30,2,1,2024-07-23,UPI
1907,96,5,3,2024-09-19,Cash
1908,6,4,2,2024-02-03,Card
1909,96,8,2,2024-08-09,UPI
1910,34,4,3,2024-05-26,Cash
1911,159,6,4,2024-03-11,NetBanking
1912,149,3,5,2024-09-09,Cash
1913,52,2,3,2024-08-07,Cash
1914,148,5,1,2024-02-08,Card
1915,166,3,5,2024-06-15,UPI
1916,21,3,4,2024-09-24,Card
1917,97,3,5,2024-06-05,Card
1918,13,4,2,2024-11-20,Card
1919,9,9,1,2024-12-28,NetBanking
1920,92,2,5,2024-08-30,Cash
1921,101,9,1,2024-08-03,UPI
1922,99,10,3,2024-01-23,Cash
1923,48,7,5,2024-01-28,Card
1924,139,1,2,2024-03-24,UPI
1925,100,1,2,2024-04-23,UPI
1926,144,7,5,2024-03-31,UPI
1927,105,8,1,2024-04-19,NetBanking
1928,22,4,1,2024-07-26,UPI
1929,151,10,4,2024-04-22,UPI
1930,180,8,2,2024-07-18,NetBanking
1931,159,2,4,2024-10-21,Cash
1932,120,1,4,2024-07-07,Card
1933,67,8,1,2024-03-01,Card
1934,87,9,1,2024-12-13,NetBanking
1935,160,10,4,2024-07-21,Cash
1936,111,9,5,2024-04-20,UPI
1937,4,4,4,2024-11-05,UPI
1938,136,3,1,2024-01-19,Card
1939,24,3,3,2024-12-12,NetBanking
1940,153,1,5,2024-07-03,UPI
1941,139,7,4,2024-04-05,NetBanking
1942,48,2,4,2024-11-17,UPI
1943,140,8,3,2024-07-09,UPI
1944,157,2,5,2024-10-03,Card
1945,93,8,2,2024-09-02,Card
1946,121,3,2,2024-06-20,Card
1947,115,7,3,2024-09-11,NetBanking
1948,4,7,4,2024-04-24,NetBanking
1949,112,8,3,2024-12-05,NetBanking
1950,198,1,2,2024-06-27,Cash
1951,140,5,2,2024-04-15,UPI
1952,24,4,3,2024-03-19,UPI
1953,133,3,1,2024-12-06,Cash
1954,131,6,2,2024-12-06,Cash
1955,49,8,5,2024-04-29,UPI
1956,29,9,1,2024-11-27,UPI
1957,141,8,3,2024-10-08,Card
1958,200,10,5,2024-04-03,NetBanking
1959,48,2,2,2024-02-02,NetBanking
1960,10,5,4,2024-09-18,UPI
1961,196,9,3,2024-02-05,NetBanking
1962,68,8,1,2024-09-28,Card
1963,44,8,2,2024-01-06,Cash
1964,187,6,5,2024-01-20,Card
1965,52,2,1,2024-12-22,UPI
1966,42,4,3,2024-01-04,UPI
1967,55,6,3,2024-02-13,NetBanking
1968,34,6,4,2024-02-27,NetBanking
1969,200,9,1,2024-03-28,NetBanking
1970,17,4,5,2024-12-07,Card
1971,44,4,3,2024-03-04,Card
1972,185,4,3,2024-11-10,UPI
1973,84,2,3,2024-10-20,Cash
1974,23,6,3,2024-09-16,Cash
1975,162,4,4,2024-10-30,Cash
1976,36,4,3,2024-01-09,Card
1977,162,9,3,2024-12-31,UPI
1978,85,1,4,2024-09-20,NetBanking
1979,143,2,5,2024-03-20,Cash
1980,151,5,4,2024-04-15,Card
1981,60,8,5,2024-07-05,UPI
1982,189,5,3,2024-10-10,UPI
1983,187,2,5,2024-09-10,NetBanking
1984,172,5,5,2024-10-11,NetBanking
1985,19,3,4,2024-03-07,Cash
1986,68,2,4,2024-01-11,UPI
1987,66,4,1,2024-10-03,Card
1988,120,7,3,2024-10-20,Card
1989,189,9,4,2024-11-12,NetBanking
1990,133,9,5,2024-04-20,Cash
1991,127,3,3,2024-12-23,Cash
1992,177,2,5,2024-11-22,Card
1993,171,9,1,2024-08-15,Cash
1994,112,4,3,2024-08-27,UPI
1995,20,5,3,2024-08-20,Card
1996,9,5,5,2024-07-29,Card
1997,66,9,4,2024-07-09,NetBanking
1998,171,9,3,2024-12-14,UPI
1999,29,2,1,2024-05-15,NetBanking
2000,28,2,2,2024-10-13,Card
